N,Year,Indicators (Current Prices),المؤشر (الأسعار الجارية),"Value 
BD Million"
1.0,2010,Gross Domestic Product (GDP),الناتج المحلي الإجمالي,10079.047816050293
2.0,2010,Oil sector GDP,القطاع النفطي,2093.941719146941
3.0,2010,Non-oil sector GDP,القطاع غير النفطي,7985.106096903352
4.0,2010,GDP (Annual Growth),النمو السنوي للناتج المحلي الإجمالي,0.0
5.0,2010,Oil sector (Annual Growth),النمو السنوي للقطاع النفطي,0.0
6.0,2010,Non-oil sector (Annual Growth),النمو السنوي للقطاع غير النفطي,0.0
7.0,2010,Oil sector   % of GDP,نسبة مساهمة القطاع النفطي في الناتج المحلي الإجمالي,20.775193821508235
8.0,2010,Non-oil sector   % of GDP,نسبة مساهمة القطاع غير النفطي في الناتج المحلي الإجمالي,79.22480617849178
9.0,2010,Total Final Consumption,الإستهلاك النهائي الإجمالي,5398.061863065316
10.0,2010,Government,الحكومي,1248.7371
11.0,2010,Private,الخاص,4149.324763065316
12.0,2010,Total Final Consumption  % of GDP,نسبة الاستهلاك النهائي إلى الناتج المحلي الإجمالي,53.55726018552287
13.0,2010,Government  % of GDP,نسبة الإستهلاك الحكومي إلى الناتج المحلي الإجمالي,12.38943522037329
14.0,2010,Private  % of GDP,نسبة الإستهلاك الخاص إلى الناتج المحلي الإجمالي,41.16782496514958
15.0,2010,Total Final Consumption  (Annual Growth),الإستهلاك النهائي  (النمو السنوي),0.0
16.0,2010,Government (Annual Growth),الحكومي (النمو السنوي),0.0
17.0,2010,Private  (Annual Growth),الخاص (النمو السنوي),0.0
18.0,2010,Gross Fixed Capital Formation,التكوين الرأسمالي الإجمالي الثابت,2683.0821
19.0,2010,Government,الحكومي,788.228
20.0,2010,Private,الخاص,1974.6146068851788
21.0,2010,Gross Fixed Capital Formation ( % of GDP),التكوين الرأسمالي الإجمالي الثابت كنسبة من الناتج المحلي الإجمالي,26.62039261017642
22.0,2010,Government ( % of GDP),الحكومي كنسبة إلى الناتج المحلي الإجمالي,7.820460964028696
23.0,2010,Private ( % of GDP),الخاص كنسبة إلى الناتج المحلي الإجمالي,19.59128126905719
24.0,2010,Change in Stocks  (1),التغير في المخزون (1),119.6
25.0,2010,Net Exports of Goods & Services,صافي الصادرات من السلع والخدمات,1798.5
26.0,2010,Exports of Goods & Services,الصادرات من السلع والخدمات,6723.0
27.0,2010,Imports of Goods & Services,الواردات من السلع والخدمات,4924.5
28.0,2010,Net Exports Goods & Services (% of GDP),صافي الصادرات كنسبة إلى الناتج المحلي الإجمالي,17.84394749210331
29.0,2010,Exports of Goods & Services (% of GDP),الصادرات من السلع والخدمات كنسبة إلى الناتج المحلي الإجمالي,66.70272949091498
30.0,2010,Imports of Goods & Services (% of GDP),الواردات من السلع والخدمات كنسبة إلى الناتج المحلي الإجمالي,48.85878199881166
31.0,2010,Net Primary Income from Abroad,صافي الدخل الأولي من الخارج,-892.3
32.0,2010,Gross National Income (GNI),الدخل القومي الاجمالي,9186.747816050294
33.0,2010,Net Current Transfer From Abroad,صافي التحويلات الجارية من الخارج,-617.3
34.0,2010,Gross National Disposable Income (GNDI),اجمالي الدخل القومي المتاح,8569.447816050295
35.0,2010,Net Primanry Income and Current Transfer (as % of GDP),صافي الدخل الأولي والتحويلات الجارية كنسة من الناتج المحلي الإجمالي,-14.97760530112825
36.0,2010,"Domestic Saving, Gross",إجمالي الإدخار المحلي,4680.985952984977
37.0,2010,"National Saving, Gross",إجمالي الإدخار القومي,3171.3859529849788
38.0,2010,"Domestic Saving, Gross  (% of GDP)",إجمالي الإدخار القومي كنسبة الى الناتج المحلي الإجمالي,46.44273981447713
39.0,2010,"National Saving, Gross  (% of GDP)",إجمالي الإدخار القومي كنسبة الى الناتج المحلي الإجمالي,31.465134513348893
40.0,2010,Net Lending/Borrowing,صافي الإقراض /الاقتراض,368.70385298497865
41.0,2010,Population,عدد السكان,1228543.0
42.0,2010,GDP per capita (BD),متوسط نصيب الفرد من الناتج المحلي الإجمالي,8204.065967613908
43.0,2010,GNI per capita (BD),متوسط نصيب الفرد من الدخل  القومي الاجمالي,7477.758463521663
44.0,2010,GNDI Per capita (BD),متوسط نصيب الفرد من اجمالي الدخل القومي المتاح,6975.2933483405095
45.0,2011,Gross Domestic Product (GDP),الناتج المحلي الإجمالي,11247.928452906734
46.0,2011,Oil sector GDP,القطاع النفطي,2917.352174099511
47.0,2011,Non-oil sector GDP,القطاع غير النفطي,8330.576278807222
48.0,2011,GDP (Annual Growth),النمو السنوي للناتج المحلي الإجمالي,11.5971335605241
49.0,2011,Oil sector (Annual Growth),النمو السنوي للقطاع النفطي,39.323465759497
50.0,2011,Non-oil sector (Annual Growth),النمو السنوي للقطاع غير النفطي,4.326431956086907
51.0,2011,Oil sector   % of GDP,نسبة مساهمة القطاع النفطي في الناتج المحلي الإجمالي,25.936795262469843
52.0,2011,Non-oil sector   % of GDP,نسبة مساهمة القطاع غير النفطي في الناتج المحلي الإجمالي,74.06320473753016
53.0,2011,Total Final Consumption,الإستهلاك النهائي الإجمالي,6046.793765613819
54.0,2011,Government,الحكومي,1497.0516
55.0,2011,Private,الخاص,4549.742165613819
56.0,2011,Total Final Consumption  % of GDP,نسبة الاستهلاك النهائي إلى الناتج المحلي الإجمالي,53.759176998064774
57.0,2011,Government  % of GDP,نسبة الإستهلاك الحكومي إلى الناتج المحلي الإجمالي,13.309576125665398
58.0,2011,Private  % of GDP,نسبة الإستهلاك الخاص إلى الناتج المحلي الإجمالي,40.44960087239937
59.0,2011,Total Final Consumption  (Annual Growth),الإستهلاك النهائي  (النمو السنوي),12.017867134633349
60.0,2011,Government (Annual Growth),الحكومي (النمو السنوي),19.88525046625105
61.0,2011,Private  (Annual Growth),الخاص (النمو السنوي),9.650182268516744
62.0,2011,Gross Fixed Capital Formation,التكوين الرأسمالي الإجمالي الثابت,2416.8494750298646
63.0,2011,Government,الحكومي,471.119
64.0,2011,Private,الخاص,1945.7304750298647
65.0,2011,Gross Fixed Capital Formation ( % of GDP),التكوين الرأسمالي الإجمالي الثابت كنسبة من الناتج المحلي الإجمالي,21.487063019193485
66.0,2011,Government ( % of GDP),الحكومي كنسبة إلى الناتج المحلي الإجمالي,4.188495703653339
67.0,2011,Private ( % of GDP),الخاص كنسبة إلى الناتج المحلي الإجمالي,17.298567315540147
68.0,2011,Change in Stocks  (1),التغير في المخزون (1),113.7
69.0,2011,Net Exports of Goods & Services,صافي الصادرات من السلع والخدمات,2670.6000000000004
70.0,2011,Exports of Goods & Services,الصادرات من السلع والخدمات,10757.1
71.0,2011,Imports of Goods & Services,الواردات من السلع والخدمات,8086.5
72.0,2011,Net Exports Goods & Services (% of GDP),صافي الصادرات كنسبة إلى الناتج المحلي الإجمالي,23.7430386509069
73.0,2011,Exports of Goods & Services (% of GDP),الصادرات من السلع والخدمات كنسبة إلى الناتج المحلي الإجمالي,95.63627689345863
74.0,2011,Imports of Goods & Services (% of GDP),الواردات من السلع والخدمات كنسبة إلى الناتج المحلي الإجمالي,71.89323824255173
75.0,2011,Net Primary Income from Abroad,صافي الدخل الأولي من الخارج,-950.6999999999998
76.0,2011,Gross National Income (GNI),الدخل القومي الاجمالي,10297.228452906733
77.0,2011,Net Current Transfer From Abroad,صافي التحويلات الجارية من الخارج,-770.6
78.0,2011,Gross National Disposable Income (GNDI),اجمالي الدخل القومي المتاح,9526.628452906732
79.0,2011,Net Primanry Income and Current Transfer (as % of GDP),صافي الدخل الأولي والتحويلات الجارية كنسة من الناتج المحلي الإجمالي,-15.303262349212176
80.0,2011,"Domestic Saving, Gross",إجمالي الإدخار المحلي,5201.134687292914
81.0,2011,"National Saving, Gross",إجمالي الإدخار القومي,3479.8346872929133
82.0,2011,"Domestic Saving, Gross  (% of GDP)",إجمالي الإدخار القومي كنسبة الى الناتج المحلي الإجمالي,46.24082300193523
83.0,2011,"National Saving, Gross  (% of GDP)",إجمالي الإدخار القومي كنسبة الى الناتج المحلي الإجمالي,30.937560652723047
84.0,2011,Net Lending/Borrowing,صافي الإقراض /الاقتراض,949.2852122630486
85.0,2011,Population,عدد السكان,1195020.0
86.0,2011,GDP per capita (BD),متوسط نصيب الفرد من الناتج المحلي الإجمالي,9412.334900593074
87.0,2011,GNI per capita (BD),متوسط نصيب الفرد من الدخل  القومي الاجمالي,8616.783361706694
88.0,2011,GNDI Per capita (BD),متوسط نصيب الفرد من اجمالي الدخل القومي المتاح,7971.940597568854
89.0,2012,Gross Domestic Product (GDP),الناتج المحلي الإجمالي,12018.233410892126
90.0,2012,Oil sector GDP,القطاع النفطي,2936.425721916084
91.0,2012,Non-oil sector GDP,القطاع غير النفطي,9081.807688976041
92.0,2012,GDP (Annual Growth),النمو السنوي للناتج المحلي الإجمالي,6.848416232469262
93.0,2012,Oil sector (Annual Growth),النمو السنوي للقطاع النفطي,0.6537965483190362
94.0,2012,Non-oil sector (Annual Growth),النمو السنوي للقطاع غير النفطي,9.01776041688656
95.0,2012,Oil sector   % of GDP,نسبة مساهمة القطاع النفطي في الناتج المحلي الإجمالي,24.433089469329172
96.0,2012,Non-oil sector   % of GDP,نسبة مساهمة القطاع غير النفطي في الناتج المحلي الإجمالي,75.56691053067082
97.0,2012,Total Final Consumption,الإستهلاك النهائي الإجمالي,6486.846435690331
98.0,2012,Government,الحكومي,1785.4
99.0,2012,Private,الخاص,4701.446435690332
100.0,2012,Total Final Consumption  % of GDP,نسبة الاستهلاك النهائي إلى الناتج المحلي الإجمالي,53.9750412054013
101.0,2012,Government  % of GDP,نسبة الإستهلاك الحكومي إلى الناتج المحلي الإجمالي,14.855760734201517
102.0,2012,Private  % of GDP,نسبة الإستهلاك الخاص إلى الناتج المحلي الإجمالي,39.119280471199794
103.0,2012,Total Final Consumption  (Annual Growth),الإستهلاك النهائي  (النمو السنوي),7.277454583930918
104.0,2012,Government (Annual Growth),الحكومي (النمو السنوي),19.261086257815037
105.0,2012,Private  (Annual Growth),الخاص (النمو السنوي),3.3343487291008955
106.0,2012,Gross Fixed Capital Formation,التكوين الرأسمالي الإجمالي الثابت,3265.711004728077
107.0,2012,Government,الحكومي,775.1516
108.0,2012,Private,الخاص,2490.559404728077
109.0,2012,Gross Fixed Capital Formation ( % of GDP),التكوين الرأسمالي الإجمالي الثابت كنسبة من الناتج المحلي الإجمالي,27.172970378228495
110.0,2012,Government ( % of GDP),الحكومي كنسبة إلى الناتج المحلي الإجمالي,6.449796517493827
111.0,2012,Private ( % of GDP),الخاص كنسبة إلى الناتج المحلي الإجمالي,20.723173860734665
112.0,2012,Change in Stocks  (1),التغير في المخزون (1),137.6
113.0,2012,Net Exports of Goods & Services,صافي الصادرات من السلع والخدمات,2128.0999999999985
114.0,2012,Exports of Goods & Services,الصادرات من السلع والخدمات,11809.8
115.0,2012,Imports of Goods & Services,الواردات من السلع والخدمات,9681.7
116.0,2012,Net Exports Goods & Services (% of GDP),صافي الصادرات كنسبة إلى الناتج المحلي الإجمالي,17.707261352332377
117.0,2012,Exports of Goods & Services (% of GDP),الصادرات من السلع والخدمات كنسبة إلى الناتج المحلي الإجمالي,98.26569010797192
118.0,2012,Imports of Goods & Services (% of GDP),الواردات من السلع والخدمات كنسبة إلى الناتج المحلي الإجمالي,80.55842875563954
119.0,2012,Net Primary Income from Abroad,صافي الدخل الأولي من الخارج,-378.8000000000002
120.0,2012,Gross National Income (GNI),الدخل القومي الاجمالي,11639.433410892125
121.0,2012,Net Current Transfer From Abroad,صافي التحويلات الجارية من الخارج,-780.0
122.0,2012,Gross National Disposable Income (GNDI),اجمالي الدخل القومي المتاح,10859.433410892125
123.0,2012,Net Primanry Income and Current Transfer (as % of GDP),صافي الدخل الأولي والتحويلات الجارية كنسة من الناتج المحلي الإجمالي,-9.642016096556917
124.0,2012,"Domestic Saving, Gross",إجمالي الإدخار المحلي,5531.3869752017945
125.0,2012,"National Saving, Gross",إجمالي الإدخار القومي,4372.586975201793
126.0,2012,"Domestic Saving, Gross  (% of GDP)",إجمالي الإدخار القومي كنسبة الى الناتج المحلي الإجمالي,46.024958794598696
127.0,2012,"National Saving, Gross  (% of GDP)",إجمالي الإدخار القومي كنسبة الى الناتج المحلي الإجمالي,36.382942698041774
128.0,2012,Net Lending/Borrowing,صافي الإقراض /الاقتراض,969.2759704737163
129.0,2012,Population,عدد السكان,1208964.0
130.0,2012,GDP per capita (BD),متوسط نصيب الفرد من الناتج المحلي الإجمالي,9940.935719253945
131.0,2012,GNI per capita (BD),متوسط نصيب الفرد من الدخل  القومي الاجمالي,9627.609598707757
132.0,2012,GNDI Per capita (BD),متوسط نصيب الفرد من اجمالي الدخل القومي المتاح,8982.429097055101
133.0,2013,Gross Domestic Product (GDP),الناتج المحلي الإجمالي,12717.56905163496
134.0,2013,Oil sector GDP,القطاع النفطي,3166.598982145135
135.0,2013,Non-oil sector GDP,القطاع غير النفطي,9550.970069489826
136.0,2013,GDP (Annual Growth),النمو السنوي للناتج المحلي الإجمالي,5.818955389142516
137.0,2013,Oil sector (Annual Growth),النمو السنوي للقطاع النفطي,7.838552104728791
138.0,2013,Non-oil sector (Annual Growth),النمو السنوي للقطاع غير النفطي,5.1659581063721305
139.0,2013,Oil sector   % of GDP,نسبة مساهمة القطاع النفطي في الناتج المحلي الإجمالي,24.899404668363402
140.0,2013,Non-oil sector   % of GDP,نسبة مساهمة القطاع غير النفطي في الناتج المحلي الإجمالي,75.1005953316366
141.0,2013,Total Final Consumption,الإستهلاك النهائي الإجمالي,7215.133127238454
142.0,2013,Government,الحكومي,1902.79
143.0,2013,Private,الخاص,5312.343127238454
144.0,2013,Total Final Consumption  % of GDP,نسبة الاستهلاك النهائي إلى الناتج المحلي الإجمالي,56.733587196924894
145.0,2013,Government  % of GDP,نسبة الإستهلاك الحكومي إلى الناتج المحلي الإجمالي,14.961900283571715
146.0,2013,Private  % of GDP,نسبة الإستهلاك الخاص إلى الناتج المحلي الإجمالي,41.77168691335317
147.0,2013,Total Final Consumption  (Annual Growth),الإستهلاك النهائي  (النمو السنوي),11.227130143564395
148.0,2013,Government (Annual Growth),الحكومي (النمو السنوي),6.574997199507109
149.0,2013,Private  (Annual Growth),الخاص (النمو السنوي),12.993803075381024
150.0,2013,Gross Fixed Capital Formation,التكوين الرأسمالي الإجمالي الثابت,3193.701944574732
151.0,2013,Government,الحكومي,507.470814
152.0,2013,Private,الخاص,2686.2311305747317
153.0,2013,Gross Fixed Capital Formation ( % of GDP),التكوين الرأسمالي الإجمالي الثابت كنسبة من الناتج المحلي الإجمالي,25.112519001138445
154.0,2013,Government ( % of GDP),الحكومي كنسبة إلى الناتج المحلي الإجمالي,3.990313022399198
155.0,2013,Private ( % of GDP),الخاص كنسبة إلى الناتج المحلي الإجمالي,21.122205978739245
156.0,2013,Change in Stocks  (1),التغير في المخزون (1),138.6
157.0,2013,Net Exports of Goods & Services,صافي الصادرات من السلع والخدمات,2170.1000000000004
158.0,2013,Exports of Goods & Services,الصادرات من السلع والخدمات,12822.7
159.0,2013,Imports of Goods & Services,الواردات من السلع والخدمات,10652.6
160.0,2013,Net Exports Goods & Services (% of GDP),صافي الصادرات كنسبة إلى الناتج المحلي الإجمالي,17.063795692314436
161.0,2013,Exports of Goods & Services (% of GDP),الصادرات من السلع والخدمات كنسبة إلى الناتج المحلي الإجمالي,100.8266591511176
162.0,2013,Imports of Goods & Services (% of GDP),الواردات من السلع والخدمات كنسبة إلى الناتج المحلي الإجمالي,83.76286345880317
163.0,2013,Net Primary Income from Abroad,صافي الدخل الأولي من الخارج,-449.60000000000014
164.0,2013,Gross National Income (GNI),الدخل القومي الاجمالي,12267.96905163496
165.0,2013,Net Current Transfer From Abroad,صافي التحويلات الجارية من الخارج,-814.4
166.0,2013,Gross National Disposable Income (GNDI),اجمالي الدخل القومي المتاح,11453.56905163496
167.0,2013,Net Primanry Income and Current Transfer (as % of GDP),صافي الدخل الأولي والتحويلات الجارية كنسة من الناتج المحلي الإجمالي,-9.939006384537784
168.0,2013,"Domestic Saving, Gross",إجمالي الإدخار المحلي,5502.435924396506
169.0,2013,"National Saving, Gross",إجمالي الإدخار القومي,4238.435924396506
170.0,2013,"Domestic Saving, Gross  (% of GDP)",إجمالي الإدخار القومي كنسبة الى الناتج المحلي الإجمالي,43.26641280307511
171.0,2013,"National Saving, Gross  (% of GDP)",إجمالي الإدخار القومي كنسبة الى الناتج المحلي الإجمالي,33.32740641853732
172.0,2013,Net Lending/Borrowing,صافي الإقراض /الاقتراض,906.1339798217745
173.0,2013,Population,عدد السكان,1253191.0
174.0,2013,GDP per capita (BD),متوسط نصيب الفرد من الناتج المحلي الإجمالي,10148.14904642226
175.0,2013,GNI per capita (BD),متوسط نصيب الفرد من الدخل  القومي الاجمالي,9789.384899536431
176.0,2013,GNDI Per capita (BD),متوسط نصيب الفرد من اجمالي الدخل القومي المتاح,9139.523864785942
177.0,2014,Gross Domestic Product (GDP),الناتج المحلي الإجمالي,13074.46929922679
178.0,2014,Oil sector GDP,القطاع النفطي,2998.839532741456
179.0,2014,Non-oil sector GDP,القطاع غير النفطي,10075.629766485334
180.0,2014,GDP (Annual Growth),النمو السنوي للناتج المحلي الإجمالي,2.806355885647392
181.0,2014,Oil sector (Annual Growth),النمو السنوي للقطاع النفطي,-5.297780058339882
182.0,2014,Non-oil sector (Annual Growth),النمو السنوي للقطاع غير النفطي,5.493260822494989
183.0,2014,Oil sector   % of GDP,نسبة مساهمة القطاع النفطي في الناتج المحلي الإجمالي,22.936606175814756
184.0,2014,Non-oil sector   % of GDP,نسبة مساهمة القطاع غير النفطي في الناتج المحلي الإجمالي,77.06339382418524
185.0,2014,Total Final Consumption,الإستهلاك النهائي الإجمالي,7475.813777016632
186.0,2014,Government,الحكومي,2024.32999
187.0,2014,Private,الخاص,5451.483787016632
188.0,2014,Total Final Consumption  % of GDP,نسبة الاستهلاك النهائي إلى الناتج المحلي الإجمالي,57.178716825307355
189.0,2014,Government  % of GDP,نسبة الإستهلاك الحكومي إلى الناتج المحلي الإجمالي,15.483075784343436
190.0,2014,Private  % of GDP,نسبة الإستهلاك الخاص إلى الناتج المحلي الإجمالي,41.69564104096391
191.0,2014,Total Final Consumption  (Annual Growth),الإستهلاك النهائي  (النمو السنوي),3.612970754400365
192.0,2014,Government (Annual Growth),الحكومي (النمو السنوي),6.3874620951339836
193.0,2014,Private  (Annual Growth),الخاص (النمو السنوي),2.619195643909933
194.0,2014,Gross Fixed Capital Formation,التكوين الرأسمالي الإجمالي الثابت,3411.1568473054404
195.0,2014,Government,الحكومي,484.613
196.0,2014,Private,الخاص,2926.5438473054405
197.0,2014,Gross Fixed Capital Formation ( % of GDP),التكوين الرأسمالي الإجمالي الثابت كنسبة من الناتج المحلي الإجمالي,26.09021268272183
198.0,2014,Government ( % of GDP),الحكومي كنسبة إلى الناتج المحلي الإجمالي,3.7065596232549147
199.0,2014,Private ( % of GDP),الخاص كنسبة إلى الناتج المحلي الإجمالي,22.38365305946692
200.0,2014,Change in Stocks  (1),التغير في المخزون (1),111.9
201.0,2014,Net Exports of Goods & Services,صافي الصادرات من السلع والخدمات,2075.6000000000004
202.0,2014,Exports of Goods & Services,الصادرات من السلع والخدمات,12058.0
203.0,2014,Imports of Goods & Services,الواردات من السلع والخدمات,9982.4
204.0,2014,Net Exports Goods & Services (% of GDP),صافي الصادرات كنسبة إلى الناتج المحلي الإجمالي,15.87521414825418
205.0,2014,Exports of Goods & Services (% of GDP),الصادرات من السلع والخدمات كنسبة إلى الناتج المحلي الإجمالي,92.22554066277165
206.0,2014,Imports of Goods & Services (% of GDP),الواردات من السلع والخدمات كنسبة إلى الناتج المحلي الإجمالي,76.35032651451748
207.0,2014,Net Primary Income from Abroad,صافي الدخل الأولي من الخارج,-516.3162321278386
208.0,2014,Gross National Income (GNI),الدخل القومي الاجمالي,12558.153067098952
209.0,2014,Net Current Transfer From Abroad,صافي التحويلات الجارية من الخارج,-889.0
210.0,2014,Gross National Disposable Income (GNDI),اجمالي الدخل القومي المتاح,11669.153067098952
211.0,2014,Net Primanry Income and Current Transfer (as % of GDP),صافي الدخل الأولي والتحويلات الجارية كنسة من الناتج المحلي الإجمالي,-10.74855277078778
212.0,2014,"Domestic Saving, Gross",إجمالي الإدخار المحلي,5598.655522210158
213.0,2014,"National Saving, Gross",إجمالي الإدخار القومي,4193.33929008232
214.0,2014,"Domestic Saving, Gross  (% of GDP)",إجمالي الإدخار القومي كنسبة الى الناتج المحلي الإجمالي,42.82128317469265
215.0,2014,"National Saving, Gross  (% of GDP)",إجمالي الإدخار القومي كنسبة الى الناتج المحلي الإجمالي,32.072730403904885
216.0,2014,Net Lending/Borrowing,صافي الإقراض /الاقتراض,670.2824427768797
217.0,2014,Population,عدد السكان,1314562.0
218.0,2014,GDP per capita (BD),متوسط نصيب الفرد من الناتج المحلي الإجمالي,9945.87497525928
219.0,2014,GNI per capita (BD),متوسط نصيب الفرد من الدخل  القومي الاجمالي,9553.108234605103
220.0,2014,GNDI Per capita (BD),متوسط نصيب الفرد من اجمالي الدخل القومي المتاح,8876.83735502696
221.0,2015,Gross Domestic Product (GDP),الناتج المحلي الإجمالي,12228.773282810807
222.0,2015,Oil sector GDP,القطاع النفطي,1647.8215068432517
223.0,2015,Non-oil sector GDP,القطاع غير النفطي,10580.951775967556
224.0,2015,GDP (Annual Growth),النمو السنوي للناتج المحلي الإجمالي,-6.468300908137024
225.0,2015,Oil sector (Annual Growth),النمو السنوي للقطاع النفطي,-45.051361073099535
226.0,2015,Non-oil sector (Annual Growth),النمو السنوي للقطاع غير النفطي,5.015289576866749
227.0,2015,Oil sector   % of GDP,نسبة مساهمة القطاع النفطي في الناتج المحلي الإجمالي,13.474953445735128
228.0,2015,Non-oil sector   % of GDP,نسبة مساهمة القطاع غير النفطي في الناتج المحلي الإجمالي,86.52504655426488
229.0,2015,Total Final Consumption,الإستهلاك النهائي الإجمالي,7777.829978190237
230.0,2015,Government,الحكومي,2064.7600359999997
231.0,2015,Private,الخاص,5713.069942190237
232.0,2015,Total Final Consumption  % of GDP,نسبة الاستهلاك النهائي إلى الناتج المحلي الإجمالي,63.60269994638814
233.0,2015,Government  % of GDP,نسبة الإستهلاك الحكومي إلى الناتج المحلي الإجمالي,16.884441212940786
234.0,2015,Private  % of GDP,نسبة الإستهلاك الخاص إلى الناتج المحلي الإجمالي,46.71825873344736
235.0,2015,Total Final Consumption  (Annual Growth),الإستهلاك النهائي  (النمو السنوي),4.039910706472
236.0,2015,Government (Annual Growth),الحكومي (النمو السنوي),1.9972062954024494
237.0,2015,Private  (Annual Growth),الخاص (النمو السنوي),4.798439569729695
238.0,2015,Gross Fixed Capital Formation,التكوين الرأسمالي الإجمالي الثابت,2986.7111965715553
239.0,2015,Government,الحكومي,473.992337
240.0,2015,Private,الخاص,2512.718859571555
241.0,2015,Gross Fixed Capital Formation ( % of GDP),التكوين الرأسمالي الإجمالي الثابت كنسبة من الناتج المحلي الإجمالي,24.42363700347427
242.0,2015,Government ( % of GDP),الحكومي كنسبة إلى الناتج المحلي الإجمالي,3.87604157864518
243.0,2015,Private ( % of GDP),الخاص كنسبة إلى الناتج المحلي الإجمالي,20.547595424829087
244.0,2015,Change in Stocks  (1),التغير في المخزون (1),146.9
245.0,2015,Net Exports of Goods & Services,صافي الصادرات من السلع والخدمات,1317.2999999999993
246.0,2015,Exports of Goods & Services,الصادرات من السلع والخدمات,9702.8
247.0,2015,Imports of Goods & Services,الواردات من السلع والخدمات,8385.5
248.0,2015,Net Exports Goods & Services (% of GDP),صافي الصادرات كنسبة إلى الناتج المحلي الإجمالي,10.772135270932223
249.0,2015,Exports of Goods & Services (% of GDP),الصادرات من السلع والخدمات كنسبة إلى الناتج المحلي الإجمالي,79.34401738920613
250.0,2015,Imports of Goods & Services (% of GDP),الواردات من السلع والخدمات كنسبة إلى الناتج المحلي الإجمالي,68.57188211827389
251.0,2015,Net Primary Income from Abroad,صافي الدخل الأولي من الخارج,-546.8474982505248
252.0,2015,Gross National Income (GNI),الدخل القومي الاجمالي,11681.925784560282
253.0,2015,Net Current Transfer From Abroad,صافي التحويلات الجارية من الخارج,-890.1
254.0,2015,Gross National Disposable Income (GNDI),اجمالي الدخل القومي المتاح,10791.825784560282
255.0,2015,Net Primanry Income and Current Transfer (as % of GDP),صافي الدخل الأولي والتحويلات الجارية كنسة من الناتج المحلي الإجمالي,-11.750544923997804
256.0,2015,"Domestic Saving, Gross",إجمالي الإدخار المحلي,4450.94330462057
257.0,2015,"National Saving, Gross",إجمالي الإدخار القومي,3013.995806370045
258.0,2015,"Domestic Saving, Gross  (% of GDP)",إجمالي الإدخار القومي كنسبة الى الناتج المحلي الإجمالي,36.39730005361186
259.0,2015,"National Saving, Gross  (% of GDP)",إجمالي الإدخار القومي كنسبة الى الناتج المحلي الإجمالي,24.64675512961405
260.0,2015,Net Lending/Borrowing,صافي الإقراض /الاقتراض,-119.61539020151022
261.0,2015,Population,عدد السكان,1370322.0
262.0,2015,GDP per capita (BD),متوسط نصيب الفرد من الناتج المحلي الإجمالي,8924.014416181604
263.0,2015,GNI per capita (BD),متوسط نصيب الفرد من الدخل  القومي الاجمالي,8524.949453165227
264.0,2015,GNDI Per capita (BD),متوسط نصيب الفرد من اجمالي الدخل القومي المتاح,7875.3940931841435
265.0,2016,Gross Domestic Product (GDP),الناتج المحلي الإجمالي,12740.636883103238
266.0,2016,Oil sector GDP,القطاع النفطي,1449.0325649253846
267.0,2016,Non-oil sector GDP,القطاع غير النفطي,11291.604318177853
268.0,2016,GDP (Annual Growth),النمو السنوي للناتج المحلي الإجمالي,4.185731376767961
269.0,2016,Oil sector (Annual Growth),النمو السنوي للقطاع النفطي,-12.063742407312617
270.0,2016,Non-oil sector (Annual Growth),النمو السنوي للقطاع غير النفطي,6.716338541721711
271.0,2016,Oil sector   % of GDP,نسبة مساهمة القطاع النفطي في الناتج المحلي الإجمالي,11.373313423971029
272.0,2016,Non-oil sector   % of GDP,نسبة مساهمة القطاع غير النفطي في الناتج المحلي الإجمالي,88.62668657602897
273.0,2016,Total Final Consumption,الإستهلاك النهائي الإجمالي,8123.555742971373
274.0,2016,Government,الحكومي,2073.9258331866367
275.0,2016,Private,الخاص,6049.629909784736
276.0,2016,Total Final Consumption  % of GDP,نسبة الاستهلاك النهائي إلى الناتج المحلي الإجمالي,63.760986342408955
277.0,2016,Government  % of GDP,نسبة الإستهلاك الحكومي إلى الناتج المحلي الإجمالي,16.278038941185883
278.0,2016,Private  % of GDP,نسبة الإستهلاك الخاص إلى الناتج المحلي الإجمالي,47.482947401223065
279.0,2016,Total Final Consumption  (Annual Growth),الإستهلاك النهائي  (النمو السنوي),4.445015714544837
280.0,2016,Government (Annual Growth),الحكومي (النمو السنوي),0.44391585592646265
281.0,2016,Private  (Annual Growth),الخاص (النمو السنوي),5.891052813987969
282.0,2016,Gross Fixed Capital Formation,التكوين الرأسمالي الإجمالي الثابت,3418.61645785208
283.0,2016,Government,الحكومي,440.289228
284.0,2016,Private,الخاص,2978.32722985208
285.0,2016,Gross Fixed Capital Formation ( % of GDP),التكوين الرأسمالي الإجمالي الثابت كنسبة من الناتج المحلي الإجمالي,26.83238278602763
286.0,2016,Government ( % of GDP),الحكومي كنسبة إلى الناتج المحلي الإجمالي,3.4557866458302096
287.0,2016,Private ( % of GDP),الخاص كنسبة إلى الناتج المحلي الإجمالي,23.376596140197417
288.0,2016,Change in Stocks  (1),التغير في المخزون (1),134.2
289.0,2016,Net Exports of Goods & Services,صافي الصادرات من السلع والخدمات,1064.2999999999993
290.0,2016,Exports of Goods & Services,الصادرات من السلع والخدمات,8993.4
291.0,2016,Imports of Goods & Services,الواردات من السلع والخدمات,7929.1
292.0,2016,Net Exports Goods & Services (% of GDP),صافي الصادرات كنسبة إلى الناتج المحلي الإجمالي,8.353585537089474
293.0,2016,Exports of Goods & Services (% of GDP),الصادرات من السلع والخدمات كنسبة إلى الناتج المحلي الإجمالي,70.58830796698349
294.0,2016,Imports of Goods & Services (% of GDP),الواردات من السلع والخدمات كنسبة إلى الناتج المحلي الإجمالي,62.23472242989402
295.0,2016,Net Primary Income from Abroad,صافي الدخل الأولي من الخارج,-675.1000000000001
296.0,2016,Gross National Income (GNI),الدخل القومي الاجمالي,12065.536883103237
297.0,2016,Net Current Transfer From Abroad,صافي التحويلات الجارية من الخارج,-899.2
298.0,2016,Gross National Disposable Income (GNDI),اجمالي الدخل القومي المتاح,11166.336883103237
299.0,2016,Net Primanry Income and Current Transfer (as % of GDP),صافي الدخل الأولي والتحويلات الجارية كنسة من الناتج المحلي الإجمالي,-12.356525144263806
300.0,2016,"Domestic Saving, Gross",إجمالي الإدخار المحلي,4617.081140131865
301.0,2016,"National Saving, Gross",إجمالي الإدخار القومي,3042.781140131864
302.0,2016,"Domestic Saving, Gross  (% of GDP)",إجمالي الإدخار القومي كنسبة الى الناتج المحلي الإجمالي,36.23901365759105
303.0,2016,"National Saving, Gross  (% of GDP)",إجمالي الإدخار القومي كنسبة الى الناتج المحلي الإجمالي,23.88248851332724
304.0,2016,Net Lending/Borrowing,صافي الإقراض /الاقتراض,-510.03531772021614
305.0,2016,Population,عدد السكان,1423726.0
306.0,2016,GDP per capita (BD),متوسط نصيب الفرد من الناتج المحلي الإجمالي,8948.798352424017
307.0,2016,GNI per capita (BD),متوسط نصيب الفرد من الدخل  القومي الاجمالي,8474.62003440496
308.0,2016,GNDI Per capita (BD),متوسط نصيب الفرد من اجمالي الدخل القومي المتاح,7843.037833897279
309.0,2017,Gross Domestic Product (GDP),الناتج المحلي الإجمالي,13989.002531927867
310.0,2017,Oil sector GDP,القطاع النفطي,1769.7036410382677
311.0,2017,Non-oil sector GDP,القطاع غير النفطي,12219.298890889599
312.0,2017,GDP (Annual Growth),النمو السنوي للناتج المحلي الإجمالي,9.79829862728623
313.0,2017,Oil sector (Annual Growth),النمو السنوي للقطاع النفطي,22.13001169710742
314.0,2017,Non-oil sector (Annual Growth),النمو السنوي للقطاع غير النفطي,8.215790658004991
315.0,2017,Oil sector   % of GDP,نسبة مساهمة القطاع النفطي في الناتج المحلي الإجمالي,12.650677823520127
316.0,2017,Non-oil sector   % of GDP,نسبة مساهمة القطاع غير النفطي في الناتج المحلي الإجمالي,87.34932217647987
317.0,2017,Total Final Consumption,الإستهلاك النهائي الإجمالي,8166.231836468065
318.0,2017,Government,الحكومي,2217.661271211237
319.0,2017,Private,الخاص,5948.570565256829
320.0,2017,Total Final Consumption  % of GDP,نسبة الاستهلاك النهائي إلى الناتج المحلي الإجمالي,58.376083768873634
321.0,2017,Government  % of GDP,نسبة الإستهلاك الحكومي إلى الناتج المحلي الإجمالي,15.852890627117603
322.0,2017,Private  % of GDP,نسبة الإستهلاك الخاص إلى الناتج المحلي الإجمالي,42.52319314175603
323.0,2017,Total Final Consumption  (Annual Growth),الإستهلاك النهائي  (النمو السنوي),0.5253376088865593
324.0,2017,Government (Annual Growth),الحكومي (النمو السنوي),6.930596828708531
325.0,2017,Private  (Annual Growth),الخاص (النمو السنوي),-1.670504576890778
326.0,2017,Gross Fixed Capital Formation,التكوين الرأسمالي الإجمالي الثابت,3980.6461464400822
327.0,2017,Government,الحكومي,613.7285800000001
328.0,2017,Private,الخاص,3366.9175664400823
329.0,2017,Gross Fixed Capital Formation ( % of GDP),التكوين الرأسمالي الإجمالي الثابت كنسبة من الناتج المحلي الإجمالي,28.45553953796803
330.0,2017,Government ( % of GDP),الحكومي كنسبة إلى الناتج المحلي الإجمالي,4.387221880897181
331.0,2017,Private ( % of GDP),الخاص كنسبة إلى الناتج المحلي الإجمالي,24.068317657070846
332.0,2017,Change in Stocks  (1),التغير في المخزون (1),712.0
333.0,2017,Net Exports of Goods & Services,صافي الصادرات من السلع والخدمات,1130.1000000000004
334.0,2017,Exports of Goods & Services,الصادرات من السلع والخدمات,10107.6
335.0,2017,Imports of Goods & Services,الواردات من السلع والخدمات,8977.5
336.0,2017,Net Exports Goods & Services (% of GDP),صافي الصادرات كنسبة إلى الناتج المحلي الإجمالي,8.078488780173648
337.0,2017,Exports of Goods & Services (% of GDP),الصادرات من السلع والخدمات كنسبة إلى الناتج المحلي الإجمالي,72.253900711869
338.0,2017,Imports of Goods & Services (% of GDP),الواردات من السلع والخدمات كنسبة إلى الناتج المحلي الإجمالي,64.17541193169535
339.0,2017,Net Primary Income from Abroad,صافي الدخل الأولي من الخارج,-748.1
340.0,2017,Gross National Income (GNI),الدخل القومي الاجمالي,13240.902531927866
341.0,2017,Net Current Transfer From Abroad,صافي التحويلات الجارية من الخارج,-927.2
342.0,2017,Gross National Disposable Income (GNDI),اجمالي الدخل القومي المتاح,12313.702531927865
343.0,2017,Net Primanry Income and Current Transfer (as % of GDP),صافي الدخل الأولي والتحويلات الجارية كنسة من الناتج المحلي الإجمالي,-11.975835990996293
344.0,2017,"Domestic Saving, Gross",إجمالي الإدخار المحلي,5822.770695459802
345.0,2017,"National Saving, Gross",إجمالي الإدخار القومي,4147.4706954598005
346.0,2017,"Domestic Saving, Gross  (% of GDP)",إجمالي الإدخار القومي كنسبة الى الناتج المحلي الإجمالي,41.623916231126366
347.0,2017,"National Saving, Gross  (% of GDP)",إجمالي الإدخار القومي كنسبة الى الناتج المحلي الإجمالي,29.648080240130064
348.0,2017,Net Lending/Borrowing,صافي الإقراض /الاقتراض,-545.1754509802818
349.0,2017,Population,عدد السكان,1501116.0
350.0,2017,GDP per capita (BD),متوسط نصيب الفرد من الناتج المحلي الإجمالي,9319.068301135865
351.0,2017,GNI per capita (BD),متوسط نصيب الفرد من الدخل  القومي الاجمالي,8820.705749540919
352.0,2017,GNDI Per capita (BD),متوسط نصيب الفرد من اجمالي الدخل القومي المتاح,8203.03196550291
353.0,2018,Gross Domestic Product (GDP),الناتج المحلي الإجمالي,14877.561848719279
354.0,2018,Oil sector GDP,القطاع النفطي,2229.143722839527
355.0,2018,Non-oil sector GDP,القطاع غير النفطي,12648.41812587975
356.0,2018,GDP (Annual Growth),النمو السنوي للناتج المحلي الإجمالي,6.351841846932288
357.0,2018,Oil sector (Annual Growth),النمو السنوي للقطاع النفطي,25.961413603224017
358.0,2018,Non-oil sector (Annual Growth),النمو السنوي للقطاع غير النفطي,3.511815520856871
359.0,2018,Oil sector   % of GDP,نسبة مساهمة القطاع النفطي في الناتج المحلي الإجمالي,14.983259659790429
360.0,2018,Non-oil sector   % of GDP,نسبة مساهمة القطاع غير النفطي في الناتج المحلي الإجمالي,85.01674034020957
361.0,2018,Total Final Consumption,الإستهلاك النهائي الإجمالي,8492.726941941173
362.0,2018,Government,الحكومي,2314.8279742270634
363.0,2018,Private,الخاص,6177.89896771411
364.0,2018,Total Final Consumption  % of GDP,نسبة الاستهلاك النهائي إلى الناتج المحلي الإجمالي,57.08413131330563
365.0,2018,Government  % of GDP,نسبة الإستهلاك الحكومي إلى الناتج المحلي الإجمالي,15.559189051036162
366.0,2018,Private  % of GDP,نسبة الإستهلاك الخاص إلى الناتج المحلي الإجمالي,41.52494226226946
367.0,2018,Total Final Consumption  (Annual Growth),الإستهلاك النهائي  (النمو السنوي),3.9981121282287546
368.0,2018,Government (Annual Growth),الحكومي (النمو السنوي),4.381494337174232
369.0,2018,Private  (Annual Growth),الخاص (النمو السنوي),3.85518503885109
370.0,2018,Gross Fixed Capital Formation,التكوين الرأسمالي الإجمالي الثابت,4410.8089944312305
371.0,2018,Government,الحكومي,684.079358
372.0,2018,Private,الخاص,3726.72963643123
373.0,2018,Gross Fixed Capital Formation ( % of GDP),التكوين الرأسمالي الإجمالي الثابت كنسبة من الناتج المحلي الإجمالي,29.647391415892056
374.0,2018,Government ( % of GDP),الحكومي كنسبة إلى الناتج المحلي الإجمالي,4.598060925277809
375.0,2018,Private ( % of GDP),الخاص كنسبة إلى الناتج المحلي الإجمالي,25.049330490614242
376.0,2018,Change in Stocks  (1),التغير في المخزون (1),879.7
377.0,2018,Net Exports of Goods & Services,صافي الصادرات من السلع والخدمات,1094.300000000001
378.0,2018,Exports of Goods & Services,الصادرات من السلع والخدمات,11264.6
379.0,2018,Imports of Goods & Services,الواردات من السلع والخدمات,10170.3
380.0,2018,Net Exports Goods & Services (% of GDP),صافي الصادرات كنسبة إلى الناتج المحلي الإجمالي,7.355371875628955
381.0,2018,Exports of Goods & Services (% of GDP),الصادرات من السلع والخدمات كنسبة إلى الناتج المحلي الإجمالي,75.71536327351718
382.0,2018,Imports of Goods & Services (% of GDP),الواردات من السلع والخدمات كنسبة إلى الناتج المحلي الإجمالي,68.35999139788822
383.0,2018,Net Primary Income from Abroad,صافي الدخل الأولي من الخارج,-780.6000000000001
384.0,2018,Gross National Income (GNI),الدخل القومي الاجمالي,14096.961848719278
385.0,2018,Net Current Transfer From Abroad,صافي التحويلات الجارية من الخارج,-1229.1
386.0,2018,Gross National Disposable Income (GNDI),اجمالي الدخل القومي المتاح,12867.861848719278
387.0,2018,Net Primanry Income and Current Transfer (as % of GDP),صافي الدخل الأولي والتحويلات الجارية كنسة من الناتج المحلي الإجمالي,-13.5082617732354
388.0,2018,"Domestic Saving, Gross",إجمالي الإدخار المحلي,6384.8349067781055
389.0,2018,"National Saving, Gross",إجمالي الإدخار القومي,4375.134906778105
390.0,2018,"Domestic Saving, Gross  (% of GDP)",إجمالي الإدخار القومي كنسبة الى الناتج المحلي الإجمالي,42.915868686694374
391.0,2018,"National Saving, Gross  (% of GDP)",إجمالي الإدخار القومي كنسبة الى الناتج المحلي الإجمالي,29.407606913458974
392.0,2018,Net Lending/Borrowing,صافي الإقراض /الاقتراض,-915.3740876531258
393.0,2018,Population,عدد السكان,1503091.0
394.0,2018,GDP per capita (BD),متوسط نصيب الفرد من الناتج المحلي الإجمالي,9897.978132208415
395.0,2018,GNI per capita (BD),متوسط نصيب الفرد من الدخل  القومي الاجمالي,9378.648297887006
396.0,2018,GNDI Per capita (BD),متوسط نصيب الفرد من اجمالي الدخل القومي المتاح,8560.933335852107
397.0,2019,Gross Domestic Product (GDP),الناتج المحلي الإجمالي,15207.993123321638
398.0,2019,Oil sector GDP,القطاع النفطي,2155.6119976970226
399.0,2019,Non-oil sector GDP,القطاع غير النفطي,13052.381125624615
400.0,2019,GDP (Annual Growth),النمو السنوي للناتج المحلي الإجمالي,2.221004207290875
401.0,2019,Oil sector (Annual Growth),النمو السنوي للقطاع النفطي,-3.2986533972263743
402.0,2019,Non-oil sector (Annual Growth),النمو السنوي للقطاع غير النفطي,3.1937827776132792
403.0,2019,Oil sector   % of GDP,نسبة مساهمة القطاع النفطي في الناتج المحلي الإجمالي,14.174204184714984
404.0,2019,Non-oil sector   % of GDP,نسبة مساهمة القطاع غير النفطي في الناتج المحلي الإجمالي,85.82579581528502
405.0,2019,Total Final Consumption,الإستهلاك النهائي الإجمالي,8152.218629999958
406.0,2019,Government,الحكومي,2280.31983
407.0,2019,Private,الخاص,5871.898799999957
408.0,2019,Total Final Consumption  % of GDP,نسبة الاستهلاك النهائي إلى الناتج المحلي الإجمالي,53.604828486530764
409.0,2019,Government  % of GDP,نسبة الإستهلاك الحكومي إلى الناتج المحلي الإجمالي,14.994219233983625
410.0,2019,Private  % of GDP,نسبة الإستهلاك الخاص إلى الناتج المحلي الإجمالي,38.61060925254714
411.0,2019,Total Final Consumption  (Annual Growth),الإستهلاك النهائي  (النمو السنوي),-4.009410808436826
412.0,2019,Government (Annual Growth),الحكومي (النمو السنوي),-1.4907433559327927
413.0,2019,Private  (Annual Growth),الخاص (النمو السنوي),-4.953142958687394
414.0,2019,Gross Fixed Capital Formation,التكوين الرأسمالي الإجمالي الثابت,4189.099999999999
415.0,2019,Government,الحكومي,606.88
416.0,2019,Private,الخاص,3582.22
417.0,2019,Gross Fixed Capital Formation ( % of GDP),التكوين الرأسمالي الإجمالي الثابت كنسبة من الناتج المحلي الإجمالي,27.54538331277889
418.0,2019,Government ( % of GDP),الحكومي كنسبة إلى الناتج المحلي الإجمالي,3.9905331037357077
419.0,2019,Private ( % of GDP),الخاص كنسبة إلى الناتج المحلي الإجمالي,23.554850209043185
420.0,2019,Change in Stocks  (1),التغير في المخزون (1),1228.5762258536429
421.0,2019,Net Exports of Goods & Services,صافي الصادرات من السلع والخدمات,1638.1000000000004
422.0,2019,Exports of Goods & Services,الصادرات من السلع والخدمات,11116.2
423.0,2019,Imports of Goods & Services,الواردات من السلع والخدمات,9478.1
424.0,2019,Net Exports Goods & Services (% of GDP),صافي الصادرات كنسبة إلى الناتج المحلي الإجمالي,10.771309447056197
425.0,2019,Exports of Goods & Services (% of GDP),الصادرات من السلع والخدمات كنسبة إلى الناتج المحلي الإجمالي,73.09445703886581
426.0,2019,Imports of Goods & Services (% of GDP),الواردات من السلع والخدمات كنسبة إلى الناتج المحلي الإجمالي,62.323147591809615
427.0,2019,Net Primary Income from Abroad,صافي الدخل الأولي من الخارج,-850.0
428.0,2019,Gross National Income (GNI),الدخل القومي الاجمالي,14357.993123321638
429.0,2019,Net Current Transfer From Abroad,صافي التحويلات الجارية من الخارج,-1086.7
430.0,2019,Gross National Disposable Income (GNDI),اجمالي الدخل القومي المتاح,13271.293123321637
431.0,2019,Net Primanry Income and Current Transfer (as % of GDP),صافي الدخل الأولي والتحويلات الجارية كنسة من الناتج المحلي الإجمالي,-12.734750629457134
432.0,2019,"Domestic Saving, Gross",إجمالي الإدخار المحلي,7055.77449332168
433.0,2019,"National Saving, Gross",إجمالي الإدخار القومي,5119.074493321679
434.0,2019,"Domestic Saving, Gross  (% of GDP)",إجمالي الإدخار القومي كنسبة الى الناتج المحلي الإجمالي,46.39517151346923
435.0,2019,"National Saving, Gross  (% of GDP)",إجمالي الإدخار القومي كنسبة الى الناتج المحلي الإجمالي,33.66042088401209
436.0,2019,Net Lending/Borrowing,صافي الإقراض /الاقتراض,-298.6017325319631
437.0,2019,Population,عدد السكان,1483756.0
438.0,2019,GDP per capita (BD),متوسط نصيب الفرد من الناتج المحلي الإجمالي,10249.659056692366
439.0,2019,GNI per capita (BD),متوسط نصيب الفرد من الدخل  القومي الاجمالي,9676.788584727972
440.0,2019,GNDI Per capita (BD),متوسط نصيب الفرد من اجمالي الدخل القومي المتاح,8944.390535453023
441.0,2020,Gross Domestic Product (GDP),الناتج المحلي الإجمالي,13474.953688307414
442.0,2020,Oil sector GDP,القطاع النفطي,1505.6268850019424
443.0,2020,Non-oil sector GDP,القطاع غير النفطي,11969.326803305472
444.0,2020,GDP (Annual Growth),النمو السنوي للناتج المحلي الإجمالي,-11.39558271075613
445.0,2020,Oil sector (Annual Growth),النمو السنوي للقطاع النفطي,-30.15315898174164
446.0,2020,Non-oil sector (Annual Growth),النمو السنوي للقطاع غير النفطي,-8.297752815330199
447.0,2020,Oil sector   % of GDP,نسبة مساهمة القطاع النفطي في الناتج المحلي الإجمالي,11.173521778471239
448.0,2020,Non-oil sector   % of GDP,نسبة مساهمة القطاع غير النفطي في الناتج المحلي الإجمالي,88.82647822152876
449.0,2020,Total Final Consumption,الإستهلاك النهائي الإجمالي,7715.281139634425
450.0,2020,Government,الحكومي,2230.8511396344256
451.0,2020,Private,الخاص,5484.429999999999
452.0,2020,Total Final Consumption  % of GDP,نسبة الاستهلاك النهائي إلى الناتج المحلي الإجمالي,57.256457558953876
453.0,2020,Government  % of GDP,نسبة الإستهلاك الحكومي إلى الناتج المحلي الإجمالي,16.55553845480149
454.0,2020,Private  % of GDP,نسبة الإستهلاك الخاص إلى الناتج المحلي الإجمالي,40.70091910415239
455.0,2020,Total Final Consumption  (Annual Growth),الإستهلاك النهائي  (النمو السنوي),-5.359737148824905
456.0,2020,Government (Annual Growth),الحكومي (النمو السنوي),-2.169375090053677
457.0,2020,Private  (Annual Growth),الخاص (النمو السنوي),-6.59869683040111
458.0,2020,Gross Fixed Capital Formation,التكوين الرأسمالي الإجمالي الثابت,3919.26
459.0,2020,Government,الحكومي,537.5699999999999
460.0,2020,Private,الخاص,3381.69
461.0,2020,Gross Fixed Capital Formation ( % of GDP),التكوين الرأسمالي الإجمالي الثابت كنسبة من الناتج المحلي الإجمالي,29.085517402563315
462.0,2020,Government ( % of GDP),الحكومي كنسبة إلى الناتج المحلي الإجمالي,3.989401466117573
463.0,2020,Private ( % of GDP),الخاص كنسبة إلى الناتج المحلي الإجمالي,25.09611593644574
464.0,2020,Change in Stocks  (1),التغير في المخزون (1),1106.3125478291754
465.0,2020,Net Exports of Goods & Services,صافي الصادرات من السلع والخدمات,734.1000000000004
466.0,2020,Exports of Goods & Services,الصادرات من السلع والخدمات,9493.7
467.0,2020,Imports of Goods & Services,الواردات من السلع والخدمات,8759.6
468.0,2020,Net Exports Goods & Services (% of GDP),صافي الصادرات كنسبة إلى الناتج المحلي الإجمالي,5.447885142915178
469.0,2020,Exports of Goods & Services (% of GDP),الصادرات من السلع والخدمات كنسبة إلى الناتج المحلي الإجمالي,70.45441653901894
470.0,2020,Imports of Goods & Services (% of GDP),الواردات من السلع والخدمات كنسبة إلى الناتج المحلي الإجمالي,65.00653139610377
471.0,2020,Net Primary Income from Abroad,صافي الدخل الأولي من الخارج,-924.6
472.0,2020,Gross National Income (GNI),الدخل القومي الاجمالي,12550.353688307414
473.0,2020,Net Current Transfer From Abroad,صافي التحويلات الجارية من الخارج,-1029.5
474.0,2020,Gross National Disposable Income (GNDI),اجمالي الدخل القومي المتاح,11520.853688307414
475.0,2020,Net Primanry Income and Current Transfer (as % of GDP),صافي الدخل الأولي والتحويلات الجارية كنسة من الناتج المحلي الإجمالي,-14.501719599197033
476.0,2020,"Domestic Saving, Gross",إجمالي الإدخار المحلي,5759.672548672989
477.0,2020,"National Saving, Gross",إجمالي الإدخار القومي,3805.572548672989
478.0,2020,"Domestic Saving, Gross  (% of GDP)",إجمالي الإدخار القومي كنسبة الى الناتج المحلي الإجمالي,42.743542441046124
479.0,2020,"National Saving, Gross  (% of GDP)",إجمالي الإدخار القومي كنسبة الى الناتج المحلي الإجمالي,28.241822841849086
480.0,2020,Net Lending/Borrowing,صافي الإقراض /الاقتراض,-1219.9999991561867
481.0,2020,Population,عدد السكان,1472204.0
482.0,2020,GDP per capita (BD),متوسط نصيب الفرد من الناتج المحلي الإجمالي,9152.91202055382
483.0,2020,GNI per capita (BD),متوسط نصيب الفرد من الدخل  القومي الاجمالي,8524.87405842357
484.0,2020,GNDI Per capita (BD),متوسط نصيب الفرد من اجمالي الدخل القومي المتاح,7825.582384171904
485.0,2021,Gross Domestic Product (GDP),الناتج المحلي الإجمالي,15355.920495680537
486.0,2021,Oil sector GDP,القطاع النفطي,2300.4493904167516
487.0,2021,Non-oil sector GDP,القطاع غير النفطي,13055.471105263785
488.0,2021,GDP (Annual Growth),النمو السنوي للناتج المحلي الإجمالي,13.958985321079737
489.0,2021,Oil sector (Annual Growth),النمو السنوي للقطاع النفطي,52.79013767171034
490.0,2021,Non-oil sector (Annual Growth),النمو السنوي للقطاع غير النفطي,9.074397581477697
491.0,2021,Oil sector   % of GDP,نسبة مساهمة القطاع النفطي في الناتج المحلي الإجمالي,14.980862860444248
492.0,2021,Non-oil sector   % of GDP,نسبة مساهمة القطاع غير النفطي في الناتج المحلي الإجمالي,85.01913713955575
493.0,2021,Total Final Consumption,الإستهلاك النهائي الإجمالي,8162.98056
494.0,2021,Government,الحكومي,2335.3828
495.0,2021,Private,الخاص,5827.597760000001
496.0,2021,Total Final Consumption  % of GDP,نسبة الاستهلاك النهائي إلى الناتج المحلي الإجمالي,53.15852320475456
497.0,2021,Government  % of GDP,نسبة الإستهلاك الحكومي إلى الناتج المحلي الإجمالي,15.208354332499436
498.0,2021,Private  % of GDP,نسبة الإستهلاك الخاص إلى الناتج المحلي الإجمالي,37.950168872255134
499.0,2021,Total Final Consumption  (Annual Growth),الإستهلاك النهائي  (النمو السنوي),5.802762235917541
500.0,2021,Government (Annual Growth),الحكومي (النمو السنوي),4.685729966845926
501.0,2021,Private  (Annual Growth),الخاص (النمو السنوي),6.257127176388451
502.0,2021,Gross Fixed Capital Formation,التكوين الرأسمالي الإجمالي الثابت,3814.6900000000005
503.0,2021,Government,الحكومي,406.80000000000007
504.0,2021,Private,الخاص,3407.8900000000003
505.0,2021,Gross Fixed Capital Formation ( % of GDP),التكوين الرأسمالي الإجمالي الثابت كنسبة من الناتج المحلي الإجمالي,24.84181916071416
506.0,2021,Government ( % of GDP),الحكومي كنسبة إلى الناتج المحلي الإجمالي,2.6491410926126426
507.0,2021,Private ( % of GDP),الخاص كنسبة إلى الناتج المحلي الإجمالي,22.192678068101518
508.0,2021,Change in Stocks  (1),التغير في المخزون (1),499.1185077116993
509.0,2021,Net Exports of Goods & Services,صافي الصادرات من السلع والخدمات,2879.0999999999985
510.0,2021,Exports of Goods & Services,الصادرات من السلع والخدمات,13248.199999999999
511.0,2021,Imports of Goods & Services,الواردات من السلع والخدمات,10369.1
512.0,2021,Net Exports Goods & Services (% of GDP),صافي الصادرات كنسبة إلى الناتج المحلي الإجمالي,18.749120255017342
513.0,2021,Exports of Goods & Services (% of GDP),الصادرات من السلع والخدمات كنسبة إلى الناتج المحلي الإجمالي,86.27421588778465
514.0,2021,Imports of Goods & Services (% of GDP),الواردات من السلع والخدمات كنسبة إلى الناتج المحلي الإجمالي,67.52509563276732
515.0,2021,Net Primary Income from Abroad,صافي الدخل الأولي من الخارج,-950.5
516.0,2021,Gross National Income (GNI),الدخل القومي الاجمالي,14405.420495680537
517.0,2021,Net Current Transfer From Abroad,صافي التحويلات الجارية من الخارج,-950.1
518.0,2021,Gross National Disposable Income (GNDI),اجمالي الدخل القومي المتاح,13455.320495680537
519.0,2021,Net Primanry Income and Current Transfer (as % of GDP),صافي الدخل الأولي والتحويلات الجارية كنسة من الناتج المحلي الإجمالي,-12.376985153932122
520.0,2021,"Domestic Saving, Gross",إجمالي الإدخار المحلي,7192.939935680537
521.0,2021,"National Saving, Gross",إجمالي الإدخار القومي,5292.339935680537
522.0,2021,"Domestic Saving, Gross  (% of GDP)",إجمالي الإدخار القومي كنسبة الى الناتج المحلي الإجمالي,46.84147679524544
523.0,2021,"National Saving, Gross  (% of GDP)",إجمالي الإدخار القومي كنسبة الى الناتج المحلي الإجمالي,34.464491641313316
524.0,2021,Net Lending/Borrowing,صافي الإقراض /الاقتراض,978.5314279688369
525.0,2021,Population,عدد السكان,1504365.0
526.0,2021,GDP per capita (BD),متوسط نصيب الفرد من الناتج المحلي الإجمالي,10207.576283468798
527.0,2021,GNI per capita (BD),متوسط نصيب الفرد من الدخل  القومي الاجمالي,9575.748236419045
528.0,2021,GNDI Per capita (BD),متوسط نصيب الفرد من اجمالي الدخل القومي المتاح,8944.186082287568
529.0,2022,Gross Domestic Product (GDP),الناتج المحلي الإجمالي,17468.36036066315
530.0,2022,Oil sector GDP,القطاع النفطي,3033.6700166466426
531.0,2022,Non-oil sector GDP,القطاع غير النفطي,14434.690344016508
532.0,2022,GDP (Annual Growth),النمو السنوي للناتج المحلي الإجمالي,13.756517335296323
533.0,2022,Oil sector (Annual Growth),النمو السنوي للقطاع النفطي,31.87293010158595
534.0,2022,Non-oil sector (Annual Growth),النمو السنوي للقطاع غير النفطي,10.564300802570358
535.0,2022,Oil sector   % of GDP,نسبة مساهمة القطاع النفطي في الناتج المحلي الإجمالي,17.366655793740883
536.0,2022,Non-oil sector   % of GDP,نسبة مساهمة القطاع غير النفطي في الناتج المحلي الإجمالي,82.63334420625912
537.0,2022,Total Final Consumption,الإستهلاك النهائي الإجمالي,8843.9777
538.0,2022,Government,الحكومي,2391.7977
539.0,2022,Private,الخاص,6452.18
540.0,2022,Total Final Consumption  % of GDP,نسبة الاستهلاك النهائي إلى الناتج المحلي الإجمالي,50.628550805006725
541.0,2022,Government  % of GDP,نسبة الإستهلاك الحكومي إلى الناتج المحلي الإجمالي,13.692170590813255
542.0,2022,Private  % of GDP,نسبة الإستهلاك الخاص إلى الناتج المحلي الإجمالي,36.93638021419348
543.0,2022,Total Final Consumption  (Annual Growth),الإستهلاك النهائي  (النمو السنوي),8.342505963287493
544.0,2022,Government (Annual Growth),الحكومي (النمو السنوي),2.415659651171538
545.0,2022,Private  (Annual Growth),الخاص (النمو السنوي),10.717662160677335
546.0,2022,Gross Fixed Capital Formation,التكوين الرأسمالي الإجمالي الثابت,4690.089999999999
547.0,2022,Government,الحكومي,484.57
548.0,2022,Private,الخاص,4205.5199999999995
549.0,2022,Gross Fixed Capital Formation ( % of GDP),التكوين الرأسمالي الإجمالي الثابت كنسبة من الناتج المحلي الإجمالي,26.849056827116826
550.0,2022,Government ( % of GDP),الحكومي كنسبة إلى الناتج المحلي الإجمالي,2.7739867394263227
551.0,2022,Private ( % of GDP),الخاص كنسبة إلى الناتج المحلي الإجمالي,24.075070087690506
552.0,2022,Change in Stocks  (1),التغير في المخزون (1),-394.6
553.0,2022,Net Exports of Goods & Services,صافي الصادرات من السلع والخدمات,4328.900000000003
554.0,2022,Exports of Goods & Services,الصادرات من السلع والخدمات,16762.800000000003
555.0,2022,Imports of Goods & Services,الواردات من السلع والخدمات,12433.9
556.0,2022,Net Exports Goods & Services (% of GDP),صافي الصادرات كنسبة إلى الناتج المحلي الإجمالي,24.781375645010254
557.0,2022,Exports of Goods & Services (% of GDP),الصادرات من السلع والخدمات كنسبة إلى الناتج المحلي الإجمالي,95.96092394423007
558.0,2022,Imports of Goods & Services (% of GDP),الواردات من السلع والخدمات كنسبة إلى الناتج المحلي الإجمالي,71.17954829921983
559.0,2022,Net Primary Income from Abroad,صافي الدخل الأولي من الخارج,-738.0
560.0,2022,Gross National Income (GNI),الدخل القومي الاجمالي,16730.36036066315
561.0,2022,Net Current Transfer From Abroad,صافي التحويلات الجارية من الخارج,-1019.0
562.0,2022,Gross National Disposable Income (GNDI),اجمالي الدخل القومي المتاح,15711.360360663151
563.0,2022,Net Primanry Income and Current Transfer (as % of GDP),صافي الدخل الأولي والتحويلات الجارية كنسة من الناتج المحلي الإجمالي,-10.058184991171656
564.0,2022,"Domestic Saving, Gross",إجمالي الإدخار المحلي,8624.382660663152
565.0,2022,"National Saving, Gross",إجمالي الإدخار القومي,6867.382660663152
566.0,2022,"Domestic Saving, Gross  (% of GDP)",إجمالي الإدخار القومي كنسبة الى الناتج المحلي الإجمالي,49.371449194993275
567.0,2022,"National Saving, Gross  (% of GDP)",إجمالي الإدخار القومي كنسبة الى الناتج المحلي الإجمالي,39.31326420382162
568.0,2022,Net Lending/Borrowing,صافي الإقراض /الاقتراض,2571.8926606631526
569.0,2022,Population,عدد السكان,1524693.0
570.0,2022,GDP per capita (BD),متوسط نصيب الفرد من الناتج المحلي الإجمالي,11456.968950905626
571.0,2022,GNI per capita (BD),متوسط نصيب الفرد من الدخل  القومي الاجمالي,10972.937083506748
572.0,2022,GNDI Per capita (BD),متوسط نصيب الفرد من اجمالي الدخل القومي المتاح,10304.605819442439
573.0,2023,Gross Domestic Product (GDP),الناتج المحلي الإجمالي,17368.241625776387
574.0,2023,Oil sector GDP,القطاع النفطي,2630.0834054792467
575.0,2023,Non-oil sector GDP,القطاع غير النفطي,14738.15822029714
576.0,2023,GDP (Annual Growth),النمو السنوي للناتج المحلي الإجمالي,-0.5731432877479392
577.0,2023,Oil sector (Annual Growth),النمو السنوي للقطاع النفطي,-13.303576491602485
578.0,2023,Non-oil sector (Annual Growth),النمو السنوي للقطاع غير النفطي,2.1023511349963115
579.0,2023,Oil sector   % of GDP,نسبة مساهمة القطاع النفطي في الناتج المحلي الإجمالي,15.143060893256532
580.0,2023,Non-oil sector   % of GDP,نسبة مساهمة القطاع غير النفطي في الناتج المحلي الإجمالي,84.85693910674347
581.0,2023,Total Final Consumption,الإستهلاك النهائي الإجمالي,9288.77146
582.0,2023,Government,الحكومي,2538.1499999999996
583.0,2023,Private,الخاص,6750.62146
584.0,2023,Total Final Consumption  % of GDP,نسبة الاستهلاك النهائي إلى الناتج المحلي الإجمالي,53.481357872258286
585.0,2023,Government  % of GDP,نسبة الإستهلاك الحكومي إلى الناتج المحلي الإجمالي,14.613741878355174
586.0,2023,Private  % of GDP,نسبة الإستهلاك الخاص إلى الناتج المحلي الإجمالي,38.86761599390311
587.0,2023,Total Final Consumption  (Annual Growth),الإستهلاك النهائي  (النمو السنوي),5.029340587324185
588.0,2023,Government (Annual Growth),الحكومي (النمو السنوي),6.118924689993619
589.0,2023,Private  (Annual Growth),الخاص (النمو السنوي),4.625436054170834
590.0,2023,Gross Fixed Capital Formation,التكوين الرأسمالي الإجمالي الثابت,4778.599999999999
591.0,2023,Government,الحكومي,482.61
592.0,2023,Private,الخاص,4295.99
593.0,2023,Gross Fixed Capital Formation ( % of GDP),التكوين الرأسمالي الإجمالي الثابت كنسبة من الناتج المحلي الإجمالي,27.513435746472055
594.0,2023,Government ( % of GDP),الحكومي كنسبة إلى الناتج المحلي الإجمالي,2.778692342025882
595.0,2023,Private ( % of GDP),الخاص كنسبة إلى الناتج المحلي الإجمالي,24.734743404446174
596.0,2023,Change in Stocks  (1),التغير في المخزون (1),304.0701657763857
597.0,2023,Net Exports of Goods & Services,صافي الصادرات من السلع والخدمات,2996.800000000001
598.0,2023,Exports of Goods & Services,الصادرات من السلع والخدمات,15171.4
599.0,2023,Imports of Goods & Services,الواردات من السلع والخدمات,12174.599999999999
600.0,2023,Net Exports Goods & Services (% of GDP),صافي الصادرات كنسبة إلى الناتج المحلي الإجمالي,17.254481280087784
601.0,2023,Exports of Goods & Services (% of GDP),الصادرات من السلع والخدمات كنسبة إلى الناتج المحلي الإجمالي,87.35138724396813
602.0,2023,Imports of Goods & Services (% of GDP),الواردات من السلع والخدمات كنسبة إلى الناتج المحلي الإجمالي,70.09690596388035
603.0,2023,Net Primary Income from Abroad,صافي الدخل الأولي من الخارج,-980.4000000000001
604.0,2023,Gross National Income (GNI),الدخل القومي الاجمالي,16387.841625776386
605.0,2023,Net Current Transfer From Abroad,صافي التحويلات الجارية من الخارج,-1001.4
606.0,2023,Gross National Disposable Income (GNDI),اجمالي الدخل القومي المتاح,15386.441625776386
607.0,2023,Net Primanry Income and Current Transfer (as % of GDP),صافي الدخل الأولي والتحويلات الجارية كنسة من الناتج المحلي الإجمالي,-11.410481513907488
608.0,2023,"Domestic Saving, Gross",إجمالي الإدخار المحلي,8079.470165776387
609.0,2023,"National Saving, Gross",إجمالي الإدخار القومي,6097.670165776386
610.0,2023,"Domestic Saving, Gross  (% of GDP)",إجمالي الإدخار القومي كنسبة الى الناتج المحلي الإجمالي,46.518642127741714
611.0,2023,"National Saving, Gross  (% of GDP)",إجمالي الإدخار القومي كنسبة الى الناتج المحلي الإجمالي,35.10816061383422
612.0,2023,Net Lending/Borrowing,صافي الإقراض /الاقتراض,1015.0000000000009
613.0,2023,Population,عدد السكان,1577059.0
614.0,2023,GDP per capita (BD),متوسط نصيب الفرد من الناتج المحلي الإجمالي,11013.057612794693
615.0,2023,GNI per capita (BD),متوسط نصيب الفرد من الدخل  القومي الاجمالي,10391.394123984193
616.0,2023,GNDI Per capita (BD),متوسط نصيب الفرد من اجمالي الدخل القومي المتاح,9756.414709770774
